1,Roselle,"Gazelle, thomson's",Gazella thompsonii,Female,iterate customized bandwidth
2,Karlotta,Magistrate black colobus,Colobus guerza,Female,reintermediate global e-commerce
3,Rebbecca,"Monkey, red howler",Alouatta seniculus,Female,engineer B2B technologies
4,Duffie,Coqui francolin,Francolinus coqui,Male,expedite extensible technologies
5,Thadeus,"Kudu, greater",Tragelaphus strepsiceros,Male,revolutionize end-to-end action-items
6,Kacie,"Thrasher, curve-billed",Toxostoma curvirostre,Female,innovate innovative e-tailers
7,Ev,"Francolin, coqui",Francolinus coqui,Male,grow end-to-end experiences
8,Thurstan,Three-banded plover,Charadrius tricollaris,Male,envisioneer strategic paradigms
9,Nora,Red-tailed wambenger,Phascogale calura,Female,leverage e-business channels
10,Pammi,Emerald green tree boa,Boa caninus,Female,embrace web-enabled synergies
11,Lorelei,"Kingfisher, pied",Ceryle rudis,Female,scale real-time relationships
12,Alonzo,Savannah deer,Mazama gouazoubira,Male,utilize one-to-one networks
13,Lilli,Helmeted guinea fowl,Numida meleagris,Female,innovate frictionless mindshare
14,Susannah,Moose,Alces alces,Female,aggregate strategic mindshare
15,Douglass,"Pie, indian tree",Dendrocitta vagabunda,Male,enable end-to-end communities
16,Arabel,Nine-banded armadillo,Dasypus novemcinctus,Female,strategize granular models
17,Townie,African black crake,Limnocorax flavirostra,Male,streamline seamless technologies
18,Noach,European wild cat,Felis silvestris lybica,Male,architect out-of-the-box solutions
19,Kelbee,Blacksmith plover,Vanellus armatus,Male,aggregate magnetic ROI
20,Tillie,Lilac-breasted roller,Coracias caudata,Female,harness enterprise functionalities
21,Willard,"Barbet, levaillant's",Trachyphonus vaillantii,Male,aggregate leading-edge initiatives
22,Katherine,"Dog, raccoon",Nyctereutes procyonoides,Female,transition synergistic schemas
23,Adoree,"Starling, cape",Lamprotornis nitens,Female,brand seamless functionalities
24,Riannon,Ground monitor (unidentified),Varanus sp.,Female,leverage clicks-and-mortar bandwidth
25,Brianna,"Plover, blacksmith",Vanellus armatus,Female,cultivate bleeding-edge initiatives
26,Rachele,"Starfish, crown of thorns",Acanthaster planci,Female,enhance 24/365 communities
27,Pammie,Frog (unidentified),Rana sp.,Female,orchestrate scalable eyeballs
28,Dalila,Chameleon (unidentified),Chamaelo sp.,Female,innovate B2C convergence
29,Duncan,Kori bustard,Choriotis kori,Male,recontextualize vertical infrastructures
30,Charmaine,Egyptian vulture,Neophron percnopterus,Female,maximize open-source initiatives
31,Scot,"Sunbird, lesser double-collared",Nectarinia chalybea,Male,optimize customized solutions
32,Frasco,Eastern grey kangaroo,Macropus giganteus,Male,seize ubiquitous users
33,Lazarus,"Squirrel, arctic ground",Spermophilus parryii,Male,synthesize cross-media infomediaries
34,Libbie,Savanna fox,Dusicyon thous,Female,target collaborative e-services
35,Emilio,"Wapiti, elk,",Cervus canadensis,Male,architect user-centric applications
36,Ravi,"Dove, laughing",Streptopelia senegalensis,Male,generate front-end e-markets
37,Corri,Little blue penguin,Eudyptula minor,Female,engage sticky models
38,Carolyne,"Colobus, black and white",Colobus guerza,Female,repurpose global niches
39,Harvey,Brindled gnu,Connochaetus taurinus,Male,whiteboard open-source users
40,Nike,Water moccasin,Agkistrodon piscivorus,Female,cultivate seamless markets
41,Elysia,Indian peacock,Pavo cristatus,Female,benchmark sticky vortals
42,Sarah,"Zebra, plains",Equus burchelli,Female,expedite cross-platform vortals
43,Issy,"Hawk, ferruginous",Buteo regalis,Female,mesh end-to-end e-services
44,Redford,"Heron, yellow-crowned night",Nyctanassa violacea,Male,optimize real-time e-business
45,Briggs,Springbok,Antidorcas marsupialis,Male,harness frictionless e-business
46,Scarface,Green-backed heron,Butorides striatus,Male,exploit robust bandwidth
47,Webb,"Ringtail, common",Pseudocheirus peregrinus,Male,revolutionize user-centric bandwidth
48,Grannie,"Wallaby, whip-tailed",Macropus parryi,Male,enable customized vortals
49,Boone,Indian star tortoise,Geochelone elegans,Male,transition cross-media mindshare
50,Neville,Timber wolf,Canis lupus lycaon,Male,embrace bricks-and-clicks content
51,Boote,Musk ox,Ovibos moschatus,Male,incentivize leading-edge interfaces
52,Samson,"Falcon, peregrine",Falco peregrinus,Male,strategize dynamic niches
53,Louisette,Burchell's gonolek,Laniaurius atrococcineus,Female,deliver mission-critical web-readiness
54,Lyon,"Cormorant, large",Phalacrocorax carbo,Male,exploit killer vortals
55,Humfrey,Yellow-brown sungazer,Cordylus giganteus,Male,syndicate back-end interfaces
56,Zola,"Boa, mexican",Boa constrictor mexicana,Female,strategize synergistic web services
57,Forest,Indian porcupine,Hystrix indica,Male,syndicate out-of-the-box niches
58,Juditha,"Tern, white-winged",Chlidonias leucopterus,Female,productize dynamic content
59,Hillel,"Duiker, gray",Sylvicapra grimma,Male,evolve vertical technologies
60,Elisa,"Dragonfly, russian",Libellula quadrimaculata,Female,strategize synergistic web services
61,Dorise,"Dove, galapagos",Zenaida galapagoensis,Female,reintermediate leading-edge applications
62,Claiborne,Elegant crested tinamou,Eudromia elegans,Male,scale e-business e-business
63,Sim,Dusky gull,Larus fuliginosus,Male,aggregate compelling synergies
64,Elmore,Coyote,Canis latrans,Male,synthesize compelling bandwidth
65,Freda,"Badger, american",Taxidea taxus,Female,transform world-class relationships
66,Lorenza,"Badger, honey",Mellivora capensis,Female,expedite impactful e-commerce
67,Levon,"Lizard, mexican beaded",Heloderma horridum,Male,expedite impactful networks
68,Allard,"Wallaby, river",Macropus agilis,Male,expedite world-class content
69,Galvan,Kinkajou,Potos flavus,Male,enhance B2C platforms
70,Scotty,Ring-tailed coatimundi,Nasua nasua,Male,synthesize e-business e-services
71,Jory,"Turtle, eastern box",Terrapene carolina,Male,incubate interactive e-commerce
72,Burch,"Stork, black-necked",Ephippiorhynchus mycteria,Male,scale efficient applications
73,Nels,Pygmy possum,Acrobates pygmaeus,Male,productize wireless portals
74,Diena,Caribou,Rangifer tarandus,Female,monetize compelling bandwidth
75,Donetta,"Owl, australian masked",Tyto novaehollandiae,Female,iterate wireless niches
76,Dianemarie,"Capuchin, black-capped",Cebus apella,Female,strategize bleeding-edge e-services
77,Anetta,"Squirrel, nelson ground",Ammospermophilus nelsoni,Female,deploy revolutionary markets
78,Benoite,White rhinoceros,Ceratotherium simum,Female,exploit impactful users
79,Geoffry,"Armadillo, giant",Priodontes maximus,Male,transform rich e-commerce
80,Betteanne,"Sunbird, lesser double-collared",Nectarinia chalybea,Female,extend cross-media users
81,Godard,"Spurfowl, yellow-necked",Francolinus leucoscepus,Male,deploy frictionless convergence
82,Stephanie,"Booby, blue-faced",Sula dactylatra,Female,disintermediate synergistic e-commerce
83,Geri,"Bandicoot, short-nosed",Isoodon obesulus,Male,exploit web-enabled content
84,Laina,Paddy heron (unidentified),unavailable,Female,e-enable B2C functionalities
85,Mandi,Cuis,Microcavia australis,Female,cultivate interactive systems
86,Taddeusz,White spoonbill,Platalea leucordia,Male,revolutionize turn-key relationships
87,Powell,Warthog,Phacochoerus aethiopus,Male,reinvent seamless mindshare
88,Fee,Kirk's dik dik,Madoqua kirkii,Male,incentivize visionary relationships
89,Raye,"Mynah, indian",Acridotheres tristis,Female,orchestrate customized models
90,Joseito,Galapagos hawk,Buteo galapagoensis,Male,iterate global experiences
91,Janie,Chimpanzee,Pan troglodytes,Female,unleash frictionless portals
92,Meggi,Cape cobra,Naja nivea,Female,drive 24/365 web-readiness
93,Chandra,Rock dove,Columba livia,Female,deliver revolutionary solutions
94,Timmie,White-lipped peccary,Tayassu pecari,Male,deliver killer architectures
95,Lucia,"Vulture, griffon",Gyps fulvus,Female,strategize cross-platform portals
96,Armando,Greater blue-eared starling,Lamprotornis chalybaeus,Male,monetize world-class web-readiness
97,Shayne,"Bustard, denham's",Neotis denhami,Male,architect dot-com web-readiness
98,Milt,Western pygmy possum,Cercatetus concinnus,Male,transform bricks-and-clicks web-readiness
99,Rochella,Serval,Felis serval,Female,grow holistic infomediaries
100,Edouard,"Siskin, pine",Carduelis pinus,Male,generate bricks-and-clicks web services
101,Phyllida,"Shelduck, european",Tadorna tadorna,Female,grow bricks-and-clicks niches
102,Mead,Green-winged trumpeter,Psophia viridis,Male,exploit world-class supply-chains
103,Jeff,"Genet, small-spotted",Genetta genetta,Male,integrate customized infomediaries
104,Nolly,Bush dog,Speothos vanaticus,Male,transform global applications
105,Lewes,African pied wagtail,Motacilla aguimp,Male,cultivate rich portals
106,Jules,"Gull, herring",unavailable,Male,aggregate out-of-the-box infrastructures
107,Harald,"Sungazer, yellow-brown",Cordylus giganteus,Male,enhance B2B metrics
108,Lidia,Rose-ringed parakeet,Psittacula krameri,Female,incentivize plug-and-play web services
109,Thorvald,"Hawk, red-tailed",Buteo jamaicensis,Male,deploy world-class ROI
110,Tirrell,Bahama pintail,Anas bahamensis,Male,scale cutting-edge paradigms
111,Tiphanie,Red-winged blackbird,Agelaius phoeniceus,Female,empower virtual functionalities
112,Yuma,Amazon parrot (unidentified),Amazona sp.,Male,leverage cross-media synergies
113,Blakelee,American beaver,Castor canadensis,Female,synthesize customized e-commerce
114,Nike,Blue waxbill,Uraeginthus angolensis,Female,extend vertical networks
115,Winny,"Barbet, levaillant's",Trachyphonus vaillantii,Female,redefine dot-com vortals
116,Kristel,Scaly-breasted lorikeet,Trichoglossus chlorolepidotus,Female,integrate distributed ROI
117,De witt,Desert tortoise,Gopherus agassizii,Male,benchmark synergistic solutions
118,Ulla,"Colobus, white-mantled",Colobus guerza,Female,scale bleeding-edge functionalities
119,Georgette,"Toucan, white-throated",Ramphastos tucanus,Female,reintermediate next-generation communities
120,Ignazio,White-tailed deer,Odocoilenaus virginianus,Male,visualize granular e-tailers
121,Gizela,"Goldeneye, common",Bucephala clangula,Female,synthesize value-added e-tailers
122,Cassaundra,"Puffin, horned",Fratercula corniculata,Female,strategize B2C convergence
123,Fayth,"Kingfisher, malachite",Corythornis cristata,Female,streamline turn-key mindshare
124,Amalita,White-mantled colobus,Colobus guerza,Female,e-enable cross-platform convergence
125,Kali,"Gecko, bent-toed",Cyrtodactylus louisiadensis,Female,recontextualize granular relationships
126,Danyelle,"Macaw, scarlet",Ara macao,Female,seize user-centric relationships
127,Clayborn,"Heron, boat-billed",Cochlearius cochlearius,Male,extend dynamic mindshare
128,Umberto,"Monkey, vervet",Cercopithecus aethiops,Male,enhance scalable ROI
129,Wait,"Anteater, giant",Myrmecophaga tridactyla,Male,integrate cross-media paradigms
130,Derward,"Eagle, pallas's fish",Haliaeetus leucoryphus,Male,deliver distributed communities
131,Con,Golden jackal,Canis aureus,Male,orchestrate 24/7 content
132,Fabe,Sidewinder,Crotalus cerastes,Male,empower global relationships
133,Obie,"Possum, western pygmy",Cercatetus concinnus,Male,enhance compelling infomediaries
134,Alasteir,"Eagle, tawny",Anitibyx armatus,Male,reinvent best-of-breed synergies
135,Ali,Giant armadillo,Priodontes maximus,Male,facilitate sexy metrics
136,Sigismondo,"Lory, rainbow",Trichoglossus haematodus moluccanus,Male,innovate turn-key convergence
137,Ambrosius,"Skink, blue-tongued",Tiliqua scincoides,Male,brand ubiquitous channels
138,Bennie,"Bee-eater, nubian",Merops nubicus,Male,leverage vertical niches
139,Roma,"Wallaby, red-necked",Macropus rufogriseus,Male,reintermediate bleeding-edge platforms
140,Eziechiele,Goliath heron,Ardea golieth,Male,whiteboard value-added solutions
141,Benson,"Parakeet, rose-ringed",Psittacula krameri,Male,strategize end-to-end bandwidth
142,Melony,Common nighthawk,Chordeiles minor,Female,visualize B2C infomediaries
143,Moise,Spur-winged goose,Plectopterus gambensis,Male,morph scalable e-markets
144,Annalee,"Squirrel, malabar",Ratufa indica,Female,repurpose 24/365 technologies
145,Faustina,White-rumped vulture,Gyps bengalensis,Female,unleash sexy experiences
146,Alick,"Siskin, yellow-rumped",Carduelis uropygialis,Male,synthesize vertical mindshare
147,Halie,African buffalo,Snycerus caffer,Female,deploy ubiquitous metrics
148,Torin,"Cormorant, king",Phalacrocorax albiventer,Male,generate seamless solutions
149,Juliane,"Bird, secretary",Sagittarius serpentarius,Female,brand strategic e-tailers
150,Alexina,Tyrant flycatcher,Myiarchus tuberculifer,Female,monetize sexy convergence
151,Livy,"Hedgehog, south african",Erinaceus frontalis,Female,optimize bricks-and-clicks technologies
152,Ferdy,"Armadillo, nine-banded",Dasypus novemcinctus,Male,revolutionize bleeding-edge eyeballs
153,Ugo,"Ibis, sacred",Threskionis aethiopicus,Male,revolutionize out-of-the-box communities
154,Redd,Sun gazer,Cordylus giganteus,Male,architect turn-key mindshare
155,Hart,"Bulbul, black-fronted",Pycnonotus nigricans,Male,orchestrate magnetic schemas
156,Benson,Bushpig,Potamochoerus porcus,Male,synergize seamless action-items
157,Erika,"Swan, trumpeter",Cygnus buccinator,Female,strategize cutting-edge mindshare
158,Luke,Red-billed toucan,Ramphastos tucanus,Male,streamline B2B platforms
159,Fergus,"Baboon, chacma",Papio ursinus,Male,redefine proactive markets
160,Natka,Koala,Phascolarctos cinereus,Female,transform sexy platforms
161,Rich,Indian mynah,Acridotheres tristis,Male,integrate open-source communities
162,Jacqueline,"Kangaroo, brush-tailed rat",Bettongia penicillata,Female,matrix turn-key convergence
163,Manfred,Galapagos mockingbird,Nesomimus trifasciatus,Male,synthesize e-business schemas
164,Jessey,Red-breasted cockatoo,Eolophus roseicapillus,Male,grow efficient e-markets
165,Max,"Viper, egyptian",Naja haje,Male,repurpose wireless e-markets
166,Norbie,Yellow-brown sungazer,Cordylus giganteus,Male,incubate bricks-and-clicks technologies
167,Lilia,Ground legaan,Varanus sp.,Female,enable open-source vortals
168,Hanny,Green-winged macaw,Ara chloroptera,Female,whiteboard open-source systems
169,Cheslie,Common duiker,Sylvicapra grimma,Female,expedite real-time markets
170,Lishe,"Kudu, greater",Tragelaphus strepsiceros,Female,recontextualize open-source e-tailers
171,Daphna,Crested screamer,Chauna torquata,Female,optimize enterprise e-business
172,Kass,"Stork, marabou",Leptoptilos crumeniferus,Female,maximize B2C communities
173,Lynne,"Squirrel, richardson's ground",Spermophilus richardsonii,Female,optimize bricks-and-clicks synergies
174,Yvonne,"Cormorant, neotropic",Phalacrocorax brasilianus,Female,innovate wireless architectures
175,Pinchas,Hummingbird (unidentified),unavailable,Male,expedite value-added infrastructures
176,Chen,"Coatimundi, white-nosed",Nasua narica,Male,innovate bricks-and-clicks supply-chains
177,Ted,"Cat, european wild",Felis silvestris lybica,Female,benchmark mission-critical e-business
178,Gallard,"Bushbaby, large-eared",Galago crassicaudataus,Male,brand value-added e-commerce
179,Eba,"Elephant, african",Loxodonta africana,Female,synthesize interactive bandwidth
180,Quent,"Otter, brazilian",Pteronura brasiliensis,Male,productize impactful users
181,Georgie,"Duck, blue",Hymenolaimus malacorhynchus,Male,redefine world-class communities
182,Urbanus,Brush-tailed phascogale,Phascogale tapoatafa,Male,reintermediate efficient niches
183,Guillemette,Australian sea lion,Neophoca cinerea,Female,aggregate synergistic architectures
184,Monty,Silver-backed jackal,Canis mesomelas,Male,generate innovative experiences
185,Ethelbert,Alpaca,Lama pacos,Male,incentivize web-enabled convergence
186,Melba,"Lory, rainbow",Trichoglossus haematodus moluccanus,Female,expedite extensible synergies
187,Sharyl,Platypus,Ornithorhynchus anatinus,Female,deploy dynamic web services
188,Read,"Capuchin, white-fronted",Cebus albifrons,Male,harness sticky relationships
189,Carlie,"Sungazer, yellow-brown",Cordylus giganteus,Male,incubate robust interfaces
190,Bliss,Gemsbok,Oryx gazella,Female,orchestrate end-to-end vortals
191,Danny,Asiatic wild ass,Equus hemionus,Male,synergize sexy paradigms
192,Travers,"Bear, black",Ursus americanus,Male,maximize leading-edge synergies
193,Cyrille,Javanese cormorant,Phalacrocorax niger,Male,visualize robust platforms
194,Masha,"Vulture, white-rumped",Gyps bengalensis,Female,benchmark B2B paradigms
195,Euphemia,"Shrike, crimson-breasted",Laniaurius atrococcineus,Female,iterate user-centric interfaces
196,Aurore,"Rhinoceros, square-lipped",Ceratotherium simum,Female,optimize out-of-the-box solutions
197,Bradford,Burmese black mountain tortoise,Manouria emys,Male,drive innovative platforms
198,Reginald,"Dragon, netted rock",Ctenophorus ornatus,Male,exploit enterprise e-business
199,Aurore,Impala,Aepyceros mylampus,Female,exploit value-added e-business
200,Consuelo,"Spoonbill, european",Platalea leucordia,Female,maximize dot-com bandwidth
201,Celeste,Richardson's ground squirrel,Spermophilus richardsonii,Female,productize enterprise web services
202,Vincents,"Hawk, galapagos",Buteo galapagoensis,Male,mesh bricks-and-clicks bandwidth
203,Bernete,Gray heron,Ardea cinerea,Female,facilitate back-end web services
204,Tedie,"Weaver, white-browed sparrow",Plocepasser mahali,Male,seize frictionless experiences
205,Carley,"Screamer, southern",Chauna torquata,Female,generate e-business methodologies
206,Pip,"Toucan, red-billed",Ramphastos tucanus,Male,extend front-end content
207,Orelie,Pocket gopher (unidentified),unavailable,Female,syndicate efficient partnerships
208,Etan,Caracara (unidentified),unavailable,Male,evolve seamless e-services
209,Corissa,Mallard,Anas platyrhynchos,Female,synergize cutting-edge platforms
210,Jarib,Emerald-spotted wood dove,Turtur chalcospilos,Male,empower user-centric communities
211,Tamra,Guerza,Colobus guerza,Female,unleash B2C e-services
212,Esme,"Jackal, black-backed",Canis mesomelas,Female,syndicate seamless deliverables
213,Reggie,Cape wild cat,Felis libyca,Female,brand distributed experiences
214,Guillaume,"Pigeon, feral rock",Columba livia,Male,iterate rich models
215,Clair,Greater blue-eared starling,Lamprotornis chalybaeus,Female,integrate end-to-end infomediaries
216,Fernande,"Fox, pampa gray",Pseudalopex gymnocercus,Female,scale innovative models
217,Errol,Red meerkat,Cynictis penicillata,Male,whiteboard global paradigms
218,Allianora,Slender-billed cockatoo,Cacatua tenuirostris,Female,repurpose dynamic experiences
219,Hedy,Field flicker,Colaptes campestroides,Female,synergize clicks-and-mortar schemas
220,Lianne,"Polecat, african",Ictonyx striatus,Female,implement rich solutions
221,Myranda,"Hornbill, southern ground",Bucorvus leadbeateri,Female,utilize revolutionary web services
222,Mercie,Gecko (unidentified),unavailable,Female,empower world-class web services
223,Mathian,Sociable weaver,Philetairus socius,Male,exploit B2C users
224,Web,Eastern indigo snake,Drymarchon corias couperi,Male,unleash bricks-and-clicks channels
225,Lyndy,Mule deer,Odocoileus hemionus,Female,engineer 24/365 initiatives
226,Verena,Gerenuk,Litrocranius walleri,Female,incubate sticky paradigms
227,Norine,Red lava crab,Graspus graspus,Female,enhance customized e-services
228,Andrej,Olive baboon,Papio cynocephalus,Male,harness end-to-end eyeballs
229,Alfred,"Possum, pygmy",Acrobates pygmaeus,Male,streamline synergistic architectures
230,Wes,"Snake, tiger",Notechis semmiannulatus,Male,innovate 24/365 technologies
231,Allard,"Wolf, mexican",Canis lupus baileyi,Male,mesh 24/7 infomediaries
232,Araldo,"Penguin, magellanic",Spheniscus magellanicus,Male,engage synergistic functionalities
233,Brent,"Pie, indian tree",Dendrocitta vagabunda,Male,visualize one-to-one e-tailers
234,Lynnett,"Goose, cape barren",Cereopsis novaehollandiae,Female,drive virtual bandwidth
235,Francois,"Crane, brolga",Grus rubicundus,Male,incubate intuitive functionalities
236,Yolanthe,Black vulture,Aegypius tracheliotus,Female,scale best-of-breed models
237,Jaquelin,Eastern quoll,Dasyurus viverrinus,Female,matrix strategic systems
238,Edeline,"Lion, galapagos sea",Zalophus californicus,Female,transition sexy models
239,Chan,Yellow-billed stork,Mycteria ibis,Male,leverage turn-key systems
240,Guido,"Kingfisher, malachite",Corythornis cristata,Male,orchestrate holistic partnerships
241,Dot,"Trotter, lily",Actophilornis africanus,Female,incubate bleeding-edge action-items
242,Dena,Caracal,Felis caracal,Female,disintermediate leading-edge partnerships
243,Sheila-kathryn,Blue fox,Alopex lagopus,Female,target compelling supply-chains
244,Deeanne,"Ibis, puna",Plegadis ridgwayi,Female,redefine 24/365 experiences
245,Benjie,"Kangaroo, jungle",Macropus agilis,Male,cultivate front-end web-readiness
246,Gerhard,Royal tern,Thalasseus maximus,Male,innovate cross-media interfaces
247,Ailee,"Waterbuck, defassa",Kobus defassa,Female,exploit collaborative web services
248,Morley,"Cockatoo, slender-billed",Cacatua tenuirostris,Male,utilize visionary partnerships
249,Tommi,Russian dragonfly,Libellula quadrimaculata,Female,repurpose 24/365 solutions
250,Whittaker,Cattle egret,Bubulcus ibis,Male,incubate proactive action-items
251,Verge,Mourning collared dove,Streptopelia decipiens,Male,envisioneer turn-key portals
252,Neysa,Platypus,Ornithorhynchus anatinus,Female,maximize revolutionary markets
253,Barty,"Wallaby, agile",Macropus agilis,Male,expedite mission-critical e-services
254,Elle,Eastern white pelican,Pelecans onocratalus,Female,recontextualize scalable portals
255,Dewie,"Jackal, golden",Canis aureus,Male,drive B2C solutions
256,Shermy,"Stilt, black-winged",Himantopus himantopus,Male,deliver dynamic channels
257,Pollyanna,Brown pelican,Pelecanus occidentalis,Female,architect e-business content
258,Shannah,"Robin, kalahari scrub",Certotrichas paena,Female,drive wireless bandwidth
259,Cassandre,Rufous tree pie,Dendrocitta vagabunda,Female,reinvent granular interfaces
260,Niles,"Squirrel, golden-mantled ground",Spermophilus lateralis,Male,empower plug-and-play web-readiness
261,Chrotoem,Eastern fox squirrel,Sciurus niger,Male,revolutionize turn-key synergies
262,Winthrop,Common goldeneye,Bucephala clangula,Male,extend interactive users
263,Dur,"Sloth, two-toed tree",Choloepus hoffmani,Male,visualize revolutionary technologies
264,Korie,Two-toed tree sloth,Choloepus hoffmani,Female,integrate bricks-and-clicks models
265,Lauree,Common wolf,Canis lupus,Female,synergize distributed paradigms
266,Frank,Greater kudu,Tragelaphus strepsiceros,Male,iterate viral niches
267,Barbabas,Springbuck,Antidorcas marsupialis,Male,incentivize proactive infomediaries
268,Eddi,Cape starling,Lamprotornis nitens,Female,target proactive partnerships
269,Tobe,"Crane, brolga",Grus rubicundus,Female,visualize visionary users
270,Kurt,Jungle kangaroo,Macropus agilis,Male,innovate best-of-breed bandwidth
271,Rosalyn,"Deer, mule",Odocoileus hemionus,Female,facilitate B2B partnerships
272,Herbie,African lion,Panthera leo,Male,unleash world-class applications
273,Delmar,South American meadowlark (unidentified),unavailable,Male,whiteboard compelling technologies
274,Pearla,"Fowl, helmeted guinea",Numida meleagris,Female,deploy 24/365 e-business
275,Saundra,Gila monster,Heloderma horridum,Female,recontextualize world-class networks
276,Jamie,Greater rhea,Rhea americana,Male,deploy open-source functionalities
277,Isadore,"Bear, black",Ursus americanus,Male,repurpose B2C niches
278,Kirk,Northern phalarope,Phalaropus lobatus,Male,enable interactive technologies
279,Earlie,Levaillant's barbet,Trachyphonus vaillantii,Male,reintermediate cross-platform solutions
280,Arvin,Barrows goldeneye,Bucephala clangula,Male,whiteboard dot-com methodologies
281,Paulie,Chacma baboon,Papio ursinus,Male,orchestrate rich interfaces
282,Thorin,"Boa, emerald green tree",Boa caninus,Male,brand bleeding-edge e-services
283,Carline,Indian red admiral,Vanessa indica,Female,mesh sexy relationships
284,Modestine,African lion,Panthera leo,Female,revolutionize B2C schemas
285,Ignatius,"Tortoise, desert",Gopherus agassizii,Male,deliver sexy e-markets
286,Inness,Red-tailed wambenger,Phascogale calura,Male,engineer proactive communities
287,Deane,Ring-tailed possum,Pseudocheirus peregrinus,Female,drive clicks-and-mortar architectures
288,Ruddy,"Kingfisher, white-throated",Halcyon smyrnesis,Male,maximize innovative schemas
289,Wyatt,"Trumpeter, dark-winged",Psophia viridis,Male,innovate intuitive ROI
290,Carmella,African lion,Panthera leo,Female,extend holistic interfaces
291,Fan,Slender-billed cockatoo,Cacatua tenuirostris,Female,facilitate granular relationships
292,Hildy,Eastern fox squirrel,Sciurus niger,Female,engage plug-and-play methodologies
293,Rudie,"Penguin, fairy",Eudyptula minor,Male,streamline plug-and-play initiatives
294,Devan,Bushpig,Potamochoerus porcus,Female,exploit global methodologies
295,Waring,Guerza,Colobus guerza,Male,synthesize web-enabled markets
296,Tessy,Blue-tongued lizard,Tiliqua scincoides,Female,exploit real-time relationships
297,Kitti,Onager,Equus hemionus,Female,architect sticky action-items
298,Royall,"Crane, wattled",Bugeranus caruncalatus,Male,harness vertical applications
299,Virgie,Asiatic wild ass,Equus hemionus,Female,embrace impactful architectures
300,Harv,European beaver,Castor fiber,Male,monetize mission-critical initiatives
301,Brandy,"Duck, comb",Sarkidornis melanotos,Male,incentivize 24/7 supply-chains
302,Lemar,Three-banded plover,Charadrius tricollaris,Male,incubate plug-and-play content
303,Sherlocke,"Rabbit, eastern cottontail",Sylvilagus floridanus,Male,reintermediate transparent initiatives
304,Christoforo,"Flamingo, greater",Phoenicopterus ruber,Male,aggregate strategic synergies
305,Dulciana,African elephant,Loxodonta africana,Female,incubate magnetic deliverables
306,Bobina,"Anteater, giant",Myrmecophaga tridactyla,Female,monetize B2B platforms
307,Torin,Platypus,Ornithorhynchus anatinus,Male,strategize open-source vortals
308,Allissa,Cuis,Microcavia australis,Female,monetize bleeding-edge platforms
309,Kora,Asiatic jackal,Canis aureus,Female,recontextualize one-to-one schemas
310,Wilhelm,Water monitor,Varanus salvator,Male,strategize holistic users
311,Nada,"Kangaroo, western grey",Macropus fuliginosus,Female,morph transparent paradigms
312,Orrin,"Bulbul, african red-eyed",Pycnonotus nigricans,Male,architect frictionless channels
313,Korney,Wood pigeon,Columba palumbus,Female,aggregate back-end supply-chains
314,Brennan,"Wolf, timber",Canis lupus lycaon,Male,monetize next-generation initiatives
315,Lindy,"Deer, white-tailed",Odocoilenaus virginianus,Male,envisioneer innovative niches
316,Fae,Red-breasted cockatoo,Eolophus roseicapillus,Female,incubate dynamic paradigms
317,Guillaume,"Monkey, vervet",Cercopithecus aethiops,Male,morph frictionless models
318,Mabel,"Turkey, common",Meleagris gallopavo,Female,aggregate proactive channels
319,Charley,Eastern box turtle,Terrapene carolina,Male,target turn-key e-tailers
320,Noland,"Pelican, eastern white",Pelecans onocratalus,Male,strategize customized ROI
321,Devon,"Possum, western pygmy",Cercatetus concinnus,Female,generate front-end synergies
322,Meaghan,Eastern dwarf mongoose,Helogale undulata,Female,reinvent back-end bandwidth
323,Janna,Red deer,Cervus elaphus,Female,synthesize distributed functionalities
324,Joela,"Dunnart, fat-tailed",Smithopsis crassicaudata,Female,expedite web-enabled paradigms
325,Samuele,"Monitor, white-throated",Varanus albigularis,Male,redefine collaborative eyeballs
326,Georgie,"Stork, black-necked",Ephippiorhynchus mycteria,Male,deliver back-end e-markets
327,Burgess,Giraffe,Giraffe camelopardalis,Male,target front-end metrics
328,Rozalin,Indian giant squirrel,Ratufa indica,Female,e-enable extensible functionalities
329,Vinnie,Red hartebeest,Alcelaphus buselaphus caama,Male,innovate B2B web-readiness
330,Bud,"Lizard, giant girdled",Cordylus giganteus,Male,visualize ubiquitous web-readiness
331,Karlene,"Gorilla, western lowland",Gorilla gorilla,Female,integrate magnetic e-business
332,Jessee,"Wallaby, red-necked",Macropus rufogriseus,Male,visualize ubiquitous schemas
333,Bette-ann,"Boa, cook's tree",Corallus hortulanus cooki,Female,envisioneer one-to-one content
334,Cindelyn,"Stork, white-necked",Ciconia episcopus,Female,streamline best-of-breed web services
335,Pen,"Openbill, asian",Anastomus oscitans,Male,incubate visionary systems
336,Drew,Dromedary camel,Camelus dromedarius,Male,deliver leading-edge communities
337,Shurwood,Native cat,Dasyurus viverrinus,Male,transform integrated supply-chains
338,Antoine,"Baboon, chacma",Papio ursinus,Male,visualize back-end schemas
339,Sherill,"Grouse, sage",Centrocercus urophasianus,Female,facilitate granular methodologies
340,Teddi,Javanese cormorant,Phalacrocorax niger,Female,harness e-business experiences
341,Aldwin,"Phalarope, red",Phalaropus fulicarius,Male,utilize dot-com e-markets
342,Barbabas,"Heron, green-backed",Butorides striatus,Male,revolutionize turn-key applications
343,Jervis,Asian openbill,Anastomus oscitans,Male,harness magnetic supply-chains
344,Tori,Egyptian cobra,Naja haje,Female,innovate B2B web-readiness
345,Floria,Sugar glider,Petaurus breviceps,Female,synergize transparent applications
346,Shana,Uinta ground squirrel,Spermophilus armatus,Female,optimize plug-and-play users
347,Ashby,"Grenadier, purple",Uraeginthus granatina,Male,generate holistic vortals
348,Austine,Pied avocet,Recurvirostra avosetta,Female,expedite seamless users
349,Horton,Large-eared bushbaby,Galago crassicaudataus,Male,e-enable sticky ROI
350,Winnah,Red-billed tropic bird,Phaethon aethereus,Female,deliver world-class e-business
351,Lexi,"Vulture, black",Aegypius tracheliotus,Female,innovate rich channels
352,Caryl,"Rattlesnake, dusky",Crotalus triseriatus,Female,envisioneer B2C supply-chains
353,Abigael,Goanna lizard,Varanus sp.,Female,transition real-time applications
354,Carey,"Trumpeter, green-winged",Psophia viridis,Male,leverage web-enabled metrics
355,Norris,"Stork, black-necked",Ephippiorhynchus mycteria,Male,facilitate revolutionary action-items
356,Gearard,"Lark, horned",Eremophila alpestris,Male,integrate virtual schemas
357,Lonnie,Denham's bustard,Neotis denhami,Female,mesh B2B initiatives
358,Jesse,Radiated tortoise,Geochelone radiata,Male,enable global web services
359,Tobe,"Stork, greater adjutant",Leptoptilus dubius,Female,repurpose interactive paradigms
360,Ulysses,Red-cheeked cordon bleu,Uraeginthus bengalus,Male,envisioneer bleeding-edge partnerships
361,Nilson,Red lava crab,Graspus graspus,Male,grow open-source applications
362,Skyler,"Cormorant, large",Phalacrocorax carbo,Male,target B2C experiences
363,Garrard,Giant otter,Pteronura brasiliensis,Male,brand B2C e-commerce
364,Griffin,Blue peacock,Pavo cristatus,Male,target synergistic infomediaries
365,Wildon,Silver-backed fox,Vulpes chama,Male,integrate one-to-one platforms
366,Reggis,"Hornbill, southern ground",Bucorvus leadbeateri,Male,iterate B2C interfaces
367,Ailyn,Mexican wolf,Canis lupus baileyi,Female,target e-business partnerships
368,Tobi,Common wombat,Vombatus ursinus,Female,facilitate dot-com relationships
369,Adrianna,Australian masked owl,Tyto novaehollandiae,Female,iterate B2C paradigms
370,Carmelita,"Stork, yellow-billed",Mycteria ibis,Female,transform wireless applications
371,Marty,Mississippi alligator,Alligator mississippiensis,Female,recontextualize bleeding-edge systems
372,Crysta,Paradoxure,Paradoxurus hermaphroditus,Female,synergize strategic metrics
373,Kelvin,Rufous tree pie,Dendrocitta vagabunda,Male,embrace enterprise systems
374,Ab,"Armadillo, common long-nosed",Dasypus novemcinctus,Male,disintermediate wireless niches
375,Darsey,Pale-throated three-toed sloth,Bradypus tridactylus,Female,productize seamless paradigms
376,Olivier,Tokay gecko,Gekko gecko,Male,deploy dynamic portals
377,Lennard,Magellanic penguin,Spheniscus magellanicus,Male,transition e-business metrics
378,Benn,Mara,Dolichitus patagonum,Male,revolutionize open-source paradigms
379,Toiboid,Red and blue macaw,Ara chloroptera,Male,facilitate global applications
380,Yurik,Black and white colobus,Colobus guerza,Male,revolutionize distributed action-items
381,Teriann,Australian sea lion,Neophoca cinerea,Female,iterate ubiquitous paradigms
382,Nathanial,"Phascogale, brush-tailed",Phascogale tapoatafa,Male,architect scalable vortals
383,Ernst,Short-nosed bandicoot,Isoodon obesulus,Male,synthesize transparent synergies
384,Wolfie,Gray heron,Ardea cinerea,Male,innovate transparent paradigms
385,Reese,"Macaw, blue and yellow",Ara ararauna,Male,drive rich interfaces
386,Vaughn,"Booby, blue-footed",Sula nebouxii,Male,synergize front-end solutions
387,Ilene,African porcupine,Hystrix cristata,Female,envisioneer end-to-end action-items
388,Geoffrey,Crested bunting,Melophus lathami,Male,expedite open-source channels
389,Corinne,Currasow (unidentified),Crax sp.,Female,synergize visionary infrastructures
390,Sax,Asian elephant,Elephas maximus bengalensis,Male,repurpose B2C e-commerce
391,Oren,Musk ox,Ovibos moschatus,Male,recontextualize out-of-the-box platforms
392,Dukie,"Shark, blue",Prionace glauca,Male,seize customized applications
393,Trey,Snake-necked turtle,Chelodina longicollis,Male,envisioneer collaborative infomediaries
394,Coletta,"Antelope, roan",Hippotragus equinus,Female,aggregate frictionless applications
395,Bendite,Feathertail glider,Acrobates pygmaeus,Female,integrate end-to-end functionalities
396,Everett,"Salmon, sockeye",Oncorhynchus nerka,Male,unleash back-end convergence
397,Desmond,Bobcat,Felis rufus,Male,extend 24/7 schemas
398,Howard,Red phalarope,Phalaropus fulicarius,Male,engineer customized supply-chains
399,Hamish,"Peccary, white-lipped",Tayassu pecari,Male,seize cross-media metrics
400,Jemie,"Gecko, bent-toed",Cyrtodactylus louisiadensis,Female,seize impactful methodologies
401,Correy,Giant otter,Pteronura brasiliensis,Female,synthesize ubiquitous users
402,Ag,Olive baboon,Papio cynocephalus,Female,extend clicks-and-mortar web-readiness
403,Erena,"Alligator, american",Alligator mississippiensis,Female,generate bleeding-edge solutions
404,Sherman,Cape white-eye,Zosterops pallidus,Male,deliver end-to-end metrics
405,Shurwood,Fork-tailed drongo,Dicrurus adsimilis,Male,aggregate killer systems
406,Benito,Genoveva,Junonia genoveua,Male,deliver one-to-one ROI
407,Carmina,Common genet,Genetta genetta,Female,deploy proactive models
408,Xavier,Great horned owl,Bubo virginianus,Male,unleash cross-media web services
409,Nerita,"Otter, small-clawed",Aonyx cinerea,Female,deliver proactive experiences
410,Lane,"Heron, boat-billed",Cochlearius cochlearius,Male,engineer front-end functionalities
411,Faina,"Hyena, brown",Hyaena brunnea,Female,visualize real-time experiences
412,Elaina,Common langur,Semnopithecus entellus,Female,morph visionary metrics
413,Darwin,Horned rattlesnake,Crotalus cerastes,Male,transform leading-edge vortals
414,Corrina,"Cormorant, neotropic",Phalacrocorax brasilianus,Female,whiteboard virtual infrastructures
415,Fredric,"Lizard, mexican beaded",Heloderma horridum,Male,transform compelling experiences
416,Ogdan,Hawk-headed parrot,Deroptyus accipitrinus,Male,morph visionary e-markets
417,Boigie,Frilled dragon,Chlamydosaurus kingii,Male,redefine sticky infomediaries
418,Jeanna,Lily trotter,Actophilornis africanus,Female,recontextualize global e-tailers
419,Jacenta,Common mynah,Acridotheres tristis,Female,unleash holistic vortals
420,Felic,"Grouse, greater sage",Centrocercus urophasianus,Male,orchestrate extensible action-items
421,Simone,"Antelope, four-horned",Tetracerus quadricornis,Female,whiteboard visionary relationships
422,Susanna,"Rhea, gray",Rhea americana,Female,harness mission-critical e-business
423,Fayette,Topi,Damaliscus lunatus,Female,iterate mission-critical partnerships
424,Agneta,"Wolf, mexican",Canis lupus baileyi,Female,disintermediate e-business mindshare
425,Adrien,"Dragon, frilled",Chlamydosaurus kingii,Male,deploy open-source deliverables
426,Chane,"Macaw, red and blue",Ara chloroptera,Male,facilitate best-of-breed deliverables
427,Bartlett,"Butterfly, canadian tiger swallowtail",Papilio canadensis,Male,whiteboard scalable functionalities
428,Dani,"Macaque, rhesus",Macaca mulatta,Male,aggregate turn-key networks
429,Lanni,Cape starling,Lamprotornis nitens,Female,integrate ubiquitous infomediaries
430,Tades,Bush dog,Speothos vanaticus,Male,streamline magnetic metrics
431,Otis,"Turtle, snake-necked",Chelodina longicollis,Male,recontextualize value-added e-markets
432,Sully,"Monkey, rhesus",Macaca mulatta,Male,visualize dot-com vortals
433,Trixie,Malachite kingfisher,Corythornis cristata,Female,utilize viral convergence
434,Florie,Tarantula,Lasiodora parahybana,Female,streamline sticky portals
435,Shara,"Crane, sarus",Grus antigone,Female,unleash intuitive functionalities
436,Haslett,"Dove, emerald-spotted wood",Turtur chalcospilos,Male,transform world-class relationships
437,Shanna,Australian spiny anteater,Tachyglossus aculeatus,Female,orchestrate user-centric applications
438,Dicky,Golden brush-tailed possum,Trichosurus vulpecula,Male,morph dot-com initiatives
439,Abdel,Urial,Ovis orientalis,Male,revolutionize proactive e-business
440,Egor,"Cat, native",Dasyurus viverrinus,Male,disintermediate innovative e-markets
441,Nathalia,"Weaver, white-browed sparrow",Plocepasser mahali,Female,synergize transparent e-markets
442,Vic,Common palm civet,Paradoxurus hermaphroditus,Male,engineer mission-critical applications
443,Samson,"Peacock, indian",Pavo cristatus,Male,extend global deliverables
444,Andrea,"Kangaroo, western grey",Macropus fuliginosus,Male,innovate holistic vortals
445,Web,Malachite kingfisher,Corythornis cristata,Male,repurpose one-to-one web services
446,Shauna,Greylag goose,Anser anser,Female,generate best-of-breed architectures
447,Ingaberg,Black-cheeked waxbill,Estrilda erythronotos,Female,engage cross-media bandwidth
448,Yehudi,Striped dolphin,Stenella coeruleoalba,Male,whiteboard front-end eyeballs
449,Charlotte,Japanese macaque,Macaca fuscata,Female,strategize world-class experiences
450,Ulrick,Toddy cat,Paradoxurus hermaphroditus,Male,embrace rich technologies
451,Aldon,Red lava crab,Graspus graspus,Male,revolutionize turn-key ROI
452,Arabele,"Squirrel, african bush",Paraxerus cepapi,Female,transition seamless web-readiness
453,Allys,Ostrich,Struthio camelus,Female,visualize bleeding-edge networks
454,Ertha,African black crake,Limnocorax flavirostra,Female,innovate sticky metrics
455,Dud,"Duck, mountain",Hymenolaimus malacorhynchus,Male,evolve viral initiatives
456,Milt,American racer,Coluber constrictor,Male,enable ubiquitous partnerships
457,Yulma,Gaur,Bos frontalis,Male,envisioneer bleeding-edge niches
458,Ayn,"Squirrel, grey-footed",Paraxerus cepapi,Female,integrate sticky vortals
459,Gallard,Crested porcupine,Hystrix cristata,Male,productize dynamic convergence
460,Fedora,Burrowing owl,Speotyte cuniculata,Female,utilize visionary vortals
461,Tabby,"Crane, sandhill",Grus canadensis,Female,optimize magnetic markets
462,Regina,"Lion, asian",Panthera leo persica,Female,benchmark efficient solutions
463,Chase,White-faced tree rat,Echimys chrysurus,Male,utilize end-to-end portals
464,Cherie,"Quail, gambel's",Callipepla gambelii,Female,reinvent global paradigms
465,Yoko,"Legaan, ground",Varanus sp.,Female,exploit back-end channels
466,Nick,Blue waxbill,Uraeginthus angolensis,Male,e-enable value-added channels
467,Zarla,Long-crested hawk eagle,Lophoaetus occipitalis,Female,streamline B2B infomediaries
468,Murdoch,"Kookaburra, laughing",Dacelo novaeguineae,Male,engage out-of-the-box initiatives
469,Gretchen,Bushpig,Potamochoerus porcus,Female,optimize 24/7 vortals
470,Christy,Hoffman's sloth,Choloepus hoffmani,Male,evolve customized action-items
471,Dur,"Macaque, pig-tailed",Macaca nemestrina,Male,drive robust infomediaries
472,Agosto,"Phalarope, grey",Phalaropus fulicarius,Male,visualize customized channels
473,Olive,"Badger, honey",Mellivora capensis,Female,engineer revolutionary e-tailers
474,Deloria,"Monkey, red howler",Alouatta seniculus,Female,extend intuitive e-services
475,Derrek,"Pelican, australian",Pelecanus conspicillatus,Male,strategize vertical interfaces
476,Matthaeus,"Stork, black-necked",Ephippiorhynchus mycteria,Male,repurpose virtual experiences
477,Aurilia,"Hoopoe, eurasian",Upupa epops,Female,redefine cross-platform ROI
478,Wallie,"Boa, malagasy ground",Acrantophis madagascariensis,Male,morph out-of-the-box relationships
479,Zondra,Euro wallaby,Macropus robustus,Female,implement enterprise partnerships
480,Jami,Mourning collared dove,Streptopelia decipiens,Female,visualize compelling synergies
481,Moe,Pine siskin,Carduelis pinus,Male,extend magnetic relationships
482,Guillermo,Silver-backed fox,Vulpes chama,Male,streamline sexy infrastructures
483,Candy,"Siskin, pine",Carduelis pinus,Female,architect cross-media niches
484,Shawnee,"Squirrel, golden-mantled ground",Spermophilus lateralis,Female,synthesize virtual models
485,Jasmin,African fish eagle,Haliaetus vocifer,Female,benchmark synergistic supply-chains
486,Lin,Blue crane,Anthropoides paradisea,Male,evolve back-end users
487,Laurence,Chestnut weaver,Ploceus rubiginosus,Male,enable extensible applications
488,Amandie,Giant heron,Ardea golieth,Female,repurpose vertical technologies
489,Bren,"Porcupine, tree",Coendou prehensilis,Male,brand virtual supply-chains
490,Brandy,Bengal vulture,Gyps bengalensis,Male,generate customized niches
491,Dunstan,Tsessebe,Damaliscus lunatus,Male,visualize frictionless vortals
492,Jozef,"Fox, crab-eating",Dusicyon thous,Male,transform world-class solutions
493,Britt,"Zebra, common",Equus burchelli,Female,brand innovative partnerships
494,Tedmund,Little cormorant,Phalacrocorax niger,Male,grow revolutionary models
495,Renata,"Colobus, magistrate black",Colobus guerza,Female,revolutionize seamless metrics
496,Anthea,White-nosed coatimundi,Nasua narica,Female,drive proactive e-tailers
497,Erek,Klipspringer,Oreotragus oreotragus,Male,harness value-added e-commerce
498,Teena,Water moccasin,Agkistrodon piscivorus,Female,exploit back-end experiences
499,Avis,Steenbuck,Raphicerus campestris,Female,revolutionize open-source platforms
500,Gwen,Salmon pink bird eater tarantula,Lasiodora parahybana,Female,synergize dynamic synergies
501,Cordelia,Seven-banded armadillo,Dasypus septemcincus,Female,visualize ubiquitous systems
502,Onida,North American river otter,Lutra canadensis,Female,whiteboard bricks-and-clicks models
503,Ollie,"Lorikeet, scaly-breasted",Trichoglossus chlorolepidotus,Male,embrace sexy e-markets
504,Udale,Steenbuck,Raphicerus campestris,Male,recontextualize best-of-breed networks
505,Reese,"Heron, black-crowned night",Nycticorax nycticorax,Male,drive real-time initiatives
506,Tabbi,"Genet, common",Genetta genetta,Female,aggregate 24/365 eyeballs
507,Lind,"Toucan, red-billed",Ramphastos tucanus,Male,recontextualize best-of-breed interfaces
508,Samuel,"Kangaroo, jungle",Macropus agilis,Male,facilitate bricks-and-clicks e-commerce
509,Averill,White-winged black tern,Chlidonias leucopterus,Male,orchestrate magnetic methodologies
510,Hanan,Long-tailed jaeger,Stercorarius longicausus,Male,exploit visionary e-services
511,Cassi,Water moccasin,Agkistrodon piscivorus,Female,iterate leading-edge models
512,Sheff,"Gull, southern black-backed",Larus dominicanus,Male,redefine efficient markets
513,Kendrick,"Stork, greater adjutant",Leptoptilus dubius,Male,enhance holistic paradigms
514,Kerry,"Elk, Wapiti",Cervus canadensis,Female,expedite value-added communities
515,Joshua,"Iguana, common green",Iguana iguana,Male,deliver web-enabled partnerships
516,Lisabeth,Laughing dove,Streptopelia senegalensis,Female,integrate visionary markets
517,Rodger,"Pigeon, feral rock",Columba livia,Male,grow compelling technologies
518,Dulcea,"Dove, mourning collared",Streptopelia decipiens,Female,generate viral communities
519,Karoly,Columbian rainbow boa,Epicrates cenchria maurus,Male,disintermediate one-to-one paradigms
520,Hayward,Yellow-rumped siskin,Carduelis uropygialis,Male,aggregate distributed technologies
521,Moyra,"Vulture, lappet-faced",Aegypius tracheliotus,Female,target interactive models
522,Brook,"Mockingbird, galapagos",Nesomimus trifasciatus,Male,incentivize value-added applications
523,Rosella,Eastern boa constrictor,Acrantophis madagascariensis,Female,maximize frictionless vortals
524,Celle,Tree porcupine,Coendou prehensilis,Female,whiteboard end-to-end content
525,Antonin,"Sloth, pale-throated three-toed",Bradypus tridactylus,Male,deliver efficient portals
526,Raimondo,Vine snake (unidentified),Oxybelis sp.,Male,implement transparent mindshare
527,Karrah,"Squirrel, african bush",Paraxerus cepapi,Female,mesh interactive e-business
528,Anestassia,Arctic lemming,Dicrostonyx groenlandicus,Female,streamline transparent deliverables
529,Clea,Wild boar,Sus scrofa,Female,disintermediate strategic relationships
530,Cull,Russian dragonfly,Libellula quadrimaculata,Male,benchmark value-added infomediaries
531,Norbert,Grey fox,Vulpes cinereoargenteus,Male,grow open-source vortals
532,Brewster,Wood pigeon,Columba palumbus,Male,exploit rich functionalities
533,Reggis,Arboral spiny rat,Echimys chrysurus,Male,unleash efficient applications
534,Evania,"Openbill, asian",Anastomus oscitans,Female,iterate web-enabled mindshare
535,Aurelea,American badger,Taxidea taxus,Female,expedite dot-com interfaces
536,Lion,African red-eyed bulbul,Pycnonotus nigricans,Male,syndicate virtual eyeballs
537,Byram,Topi,Damaliscus lunatus,Male,synthesize efficient e-markets
538,Vinnie,Hyrax,Dendrohyrax brucel,Female,morph plug-and-play communities
539,Prudence,"Robin, white-throated",Irania gutteralis,Female,expedite B2C paradigms
540,Dionysus,"Lynx, african",Felis caracal,Male,visualize B2C bandwidth
541,Rabbi,"Elephant, asian",Elephas maximus bengalensis,Male,aggregate magnetic synergies
542,Caryl,Little blue penguin,Eudyptula minor,Male,seize back-end niches
543,Emmey,"Nuthatch, red-breasted",Sitta canadensis,Female,iterate value-added schemas
544,Javier,"White-eye, pale",Zosterops pallidus,Male,target B2B deliverables
545,Casar,"Bear, american black",Ursus americanus,Male,productize seamless applications
546,Pamella,"Brocket, brown",Mazama gouazoubira,Female,leverage killer niches
547,Larry,Anaconda (unidentified),Eunectes sp.,Male,expedite out-of-the-box action-items
548,Lani,Brown pelican,Pelecanus occidentalis,Female,synergize compelling e-tailers
549,Dexter,Wood pigeon,Columba palumbus,Male,enhance strategic mindshare
550,Trish,Dassie,Dendrohyrax brucel,Female,monetize global relationships
551,Rafaello,Australian pelican,Pelecanus conspicillatus,Male,monetize global niches
552,Malvina,Tropical buckeye butterfly,Junonia genoveua,Female,visualize virtual niches
553,Jolynn,"Squirrel, nelson ground",Ammospermophilus nelsoni,Female,exploit sticky partnerships
554,Kerr,Malabar squirrel,Ratufa indica,Male,architect rich infomediaries
555,Althea,"Viper, egyptian",Naja haje,Female,enhance granular e-business
556,Clevie,"Vulture, black",Aegypius tracheliotus,Male,maximize compelling technologies
557,Halette,"Egret, great",Casmerodius albus,Female,extend killer eyeballs
558,Gillie,Snake (unidentified),unavailable,Female,reintermediate synergistic users
559,Hal,Brolga crane,Grus rubicundus,Male,reinvent cutting-edge e-commerce
560,Krispin,Indian star tortoise,Geochelone elegans,Male,transition seamless web-readiness
561,Brittne,"Bear, american black",Ursus americanus,Female,expedite killer markets
562,Orelie,Chacma baboon,Papio ursinus,Female,recontextualize synergistic architectures
563,Iggy,Australian brush turkey,Alectura lathami,Male,disintermediate magnetic communities
564,Mellie,"Coatimundi, ring-tailed",Nasua nasua,Female,engineer efficient e-tailers
565,Toddy,"Admiral, indian red",Vanessa indica,Male,optimize magnetic content
566,Den,Long-billed corella,Cacatua tenuirostris,Male,unleash sticky platforms
567,Clare,Tiger,Panthera tigris,Male,envisioneer turn-key e-business
568,Shalom,"Peccary, collared",Tayassu tajacu,Male,embrace B2C interfaces
569,Dana,"Monkey, black spider",Ateles paniscus,Male,cultivate end-to-end supply-chains
570,Shelton,"Heron, little",Butorides striatus,Male,exploit web-enabled paradigms
571,Emmerich,Mountain goat,Oreamnos americanus,Male,monetize strategic bandwidth
572,Car,"Turtle, long-necked",Chelodina longicollis,Male,orchestrate extensible e-commerce
573,Urbano,Red-tailed wambenger,Phascogale calura,Male,disintermediate interactive infrastructures
574,Wells,Jaguar,Panthera onca,Male,evolve sticky metrics
575,Brina,"Owl, australian masked",Tyto novaehollandiae,Female,reinvent turn-key metrics
576,Wadsworth,"Raccoon, crab-eating",Procyon cancrivorus,Male,iterate bleeding-edge vortals
577,Shay,Cape white-eye,Zosterops pallidus,Male,benchmark back-end web services
578,Alfi,Giant girdled lizard,Cordylus giganteus,Female,morph front-end networks
579,Devlin,"Baboon, chacma",Papio ursinus,Male,transition bricks-and-clicks partnerships
580,Morgan,Waved albatross,Diomedea irrorata,Female,disintermediate cross-media portals
581,Tremayne,"Starling, red-shouldered glossy",Lamprotornis nitens,Male,innovate leading-edge architectures
582,Marthena,"Sifaka, verreaux's",Propithecus verreauxi,Female,envisioneer one-to-one bandwidth
583,Pammie,"Bee-eater, white-fronted",Merops bullockoides,Female,deliver seamless e-tailers
584,Alexandra,"Macaque, bonnet",Macaca radiata,Female,recontextualize bleeding-edge systems
585,Sherrie,Brown lemur,Lemur fulvus,Female,repurpose viral metrics
586,Upton,"Heron, grey",Ardea cinerea,Male,mesh interactive functionalities
587,Toby,Manatee,Trichechus inunguis,Female,exploit sexy partnerships
588,Sheri,"Pintail, white-cheeked",Anas bahamensis,Female,target e-business e-markets
589,Griff,"Sparrow, rufous-collared",Zonotrichia capensis,Male,cultivate bleeding-edge communities
590,Louisa,"Goose, spur-winged",Plectopterus gambensis,Female,transition bricks-and-clicks web-readiness
591,Stefan,"Tortoise, indian star",Geochelone elegans,Male,facilitate best-of-breed e-tailers
592,Dorree,"Skink, african",Mabuya spilogaster,Female,benchmark leading-edge channels
593,Lelia,Baleen whale,Eubalaena australis,Female,matrix customized convergence
594,Shanie,"Beaver, european",Castor fiber,Female,syndicate ubiquitous niches
595,Betsy,Pine snake (unidentified),Pituophis melanaleucus,Female,extend visionary portals
596,Amberly,Tree porcupine,Coendou prehensilis,Female,matrix proactive e-tailers
597,Umberto,"Shrike, crimson-breasted",Laniaurius atrococcineus,Male,synergize proactive supply-chains
598,Chico,Mara,Dolichitus patagonum,Male,matrix B2C web services
599,Claiborne,"Dog, bush",Speothos vanaticus,Male,e-enable frictionless users
600,Shep,"Rattlesnake, dusky",Crotalus triseriatus,Male,utilize e-business bandwidth
601,Salim,Lilac-breasted roller,Coracias caudata,Male,enable e-business content
602,Patsy,"Coatimundi, ring-tailed",Nasua nasua,Male,iterate back-end e-markets
603,Hamlin,Honey badger,Mellivora capensis,Male,drive mission-critical solutions
604,Rochester,American alligator,Alligator mississippiensis,Male,unleash B2C markets
605,Dora,"Baboon, savanna",Papio cynocephalus,Female,architect cutting-edge niches
606,Adey,African snake (unidentified),unavailable,Female,matrix robust niches
607,Valenka,"Heron, grey",Ardea cinerea,Female,seize visionary synergies
608,Arny,Four-horned antelope,Tetracerus quadricornis,Male,reinvent impactful e-markets
609,Gamaliel,Eastern dwarf mongoose,Helogale undulata,Male,incubate vertical methodologies
610,Yvor,Bee-eater (unidentified),Merops sp.,Male,leverage robust applications
611,Scott,"Sloth, two-toed",Choloepus hoffmani,Male,unleash bleeding-edge models
612,Gayle,"Owl, australian masked",Tyto novaehollandiae,Female,deploy best-of-breed schemas
613,Quintin,Gray rhea,Rhea americana,Male,scale end-to-end niches
614,Ab,"Snake, green vine",Oxybelis fulgidus,Male,morph magnetic channels
615,Mohandis,"Hornbill, southern ground",Bucorvus leadbeateri,Male,streamline world-class web services
616,Sherlock,"Woodpecker, red-headed",Melanerpes erythrocephalus,Male,deliver transparent technologies
617,Sashenka,"Cat, long-tailed spotted",Felis wiedi or Leopardus weidi,Female,maximize one-to-one eyeballs
618,Hubert,Tree porcupine,Coendou prehensilis,Male,deliver B2B portals
619,Pete,Stick insect,Leprocaulinus vipera,Male,expedite web-enabled e-business
620,Alexa,Osprey,Pandon haliaetus,Female,engineer 24/365 eyeballs
621,Alexandros,Clark's nutcracker,Nucifraga columbiana,Male,architect ubiquitous niches
622,Kathe,Kinkajou,Potos flavus,Female,facilitate front-end action-items
623,Kimberly,"Fox, cape",Vulpes chama,Female,repurpose B2B relationships
624,Catlee,Burrowing owl,Speotyte cuniculata,Female,streamline virtual e-business
625,Nona,European red squirrel,Sciurus vulgaris,Female,harness 24/365 niches
626,Jeremie,Burchell's gonolek,Laniaurius atrococcineus,Male,unleash viral e-services
627,Lucais,Flying fox (unidentified),unavailable,Male,facilitate 24/365 convergence
628,Flem,"Butterfly, canadian tiger swallowtail",Papilio canadensis,Male,streamline virtual partnerships
629,Valentine,"Sandgrouse, yellow-throated",Pterocles gutturalis,Female,deploy global supply-chains
630,Skippy,"Wolf, common",Canis lupus,Male,deploy sticky solutions
631,Patty,"Camel, dromedary",Camelus dromedarius,Male,aggregate collaborative supply-chains
632,Paco,Fringe-eared oryx,Oryx gazella callotis,Male,drive transparent users
633,Peta,Python (unidentified),unavailable,Female,engage efficient paradigms
634,Dorice,"Bird, bare-faced go away",Lorythaixoides concolor,Female,integrate 24/365 content
635,Irwinn,North American beaver,Castor canadensis,Male,monetize proactive portals
636,Cordie,"Gull, silver",Larus novaehollandiae,Male,strategize innovative partnerships
637,Elicia,"Fox, bat-eared",Otocyon megalotis,Female,incubate bricks-and-clicks e-tailers
638,Othella,White-winged tern,Chlidonias leucopterus,Female,deploy sticky convergence
639,Phoebe,"Tortoise, desert",Gopherus agassizii,Female,envisioneer proactive e-business
640,Willi,"Legaan, ground",Varanus sp.,Male,mesh turn-key e-markets
641,Rodney,Pine snake (unidentified),Pituophis melanaleucus,Male,productize user-centric e-business
642,Orrin,Secretary bird,Sagittarius serpentarius,Male,e-enable viral markets
643,Horten,Topi,Damaliscus lunatus,Male,reintermediate holistic paradigms
644,Brigit,Oriental short-clawed otter,Aonyx cinerea,Female,generate user-centric networks
645,Ross,Malagasy ground boa,Acrantophis madagascariensis,Male,reintermediate e-business communities
646,Annemarie,"Zorro, azara's",Pseudalopex gymnocercus,Female,e-enable cutting-edge ROI
647,Lauraine,Horned puffin,Fratercula corniculata,Female,redefine end-to-end applications
648,Estell,Green heron,Butorides striatus,Female,deliver synergistic e-business
649,Robinette,White-faced tree rat,Echimys chrysurus,Female,generate turn-key architectures
650,Grayce,"Capuchin, black-capped",Cebus apella,Female,transition scalable interfaces
651,Corbin,"Vulture, black",Aegypius tracheliotus,Male,seize distributed web-readiness
652,Lilyan,"Fox, bat-eared",Otocyon megalotis,Female,grow interactive ROI
653,Elizabeth,"Wambenger, red-tailed",Phascogale calura,Female,facilitate 24/365 web services
654,Berry,"Crocodile, nile",Crocodylus niloticus,Female,integrate frictionless vortals
655,Quill,Bush dog,Speothos vanaticus,Male,benchmark dynamic convergence
656,Verile,Magnificent frigate bird,Fregata magnificans,Female,maximize customized web services
657,Chane,White-throated robin,Irania gutteralis,Male,evolve intuitive web-readiness
658,Nap,Galah,Eolophus roseicapillus,Male,harness bricks-and-clicks mindshare
659,Franky,"Waxbill, black-cheeked",Estrilda erythronotos,Male,incentivize bleeding-edge niches
660,Andree,"Buffalo, asian water",Bubalus arnee,Female,recontextualize cross-media technologies
661,Deina,Black and white colobus,Colobus guerza,Female,maximize holistic infrastructures
662,Annadiane,"Langur, gray",Semnopithecus entellus,Female,incentivize sticky interfaces
663,Francis,Salmon pink bird eater tarantula,Lasiodora parahybana,Male,seize magnetic infomediaries
664,Em,Western patch-nosed snake,Salvadora hexalepis,Male,seize clicks-and-mortar paradigms
665,Holt,Russian dragonfly,Libellula quadrimaculata,Male,deploy e-business paradigms
666,Caryl,Arctic fox,Alopex lagopus,Male,whiteboard robust channels
667,Jules,Serval,Felis serval,Male,evolve cross-media mindshare
668,Granville,Swainson's francolin,Francolinus swainsonii,Male,optimize open-source interfaces
669,Kurt,Red-tailed wambenger,Phascogale calura,Male,revolutionize killer e-tailers
670,Michel,"Mynah, indian",Acridotheres tristis,Male,streamline end-to-end mindshare
671,Almeta,Sidewinder,Crotalus cerastes,Female,incentivize end-to-end partnerships
672,Genia,Greater sage grouse,Centrocercus urophasianus,Female,optimize efficient infrastructures
673,Enrico,Chacma baboon,Papio ursinus,Male,expedite ubiquitous users
674,Sylvester,Brown pelican,Pelecanus occidentalis,Male,streamline scalable e-tailers
675,Ashlan,"Beaver, american",Castor canadensis,Female,mesh turn-key systems
676,Rivalee,"Sloth, two-toed tree",Choloepus hoffmani,Female,grow transparent niches
677,Nat,"Skimmer, four-spotted",Libellula quadrimaculata,Female,transform transparent relationships
678,Niel,Rose-ringed parakeet,Psittacula krameri,Male,implement efficient channels
679,Allard,"Cat, miner's",Bassariscus astutus,Male,incentivize robust eyeballs
680,Jakob,"Tern, royal",Thalasseus maximus,Male,redefine dynamic mindshare
681,Cassy,Scottish highland cow,Bos taurus,Female,reintermediate extensible ROI
682,Teddie,"Owl, madagascar hawk",Ninox superciliaris,Female,empower e-business platforms
683,Sydney,Hippopotamus,Hippopotamus amphibius,Male,grow killer e-markets
684,Toby,Black bear,Ursus americanus,Male,monetize viral e-services
685,Della,African polecat,Ictonyx striatus,Female,streamline robust paradigms
686,Silvano,"Penguin, little blue",Eudyptula minor,Male,integrate extensible experiences
687,Karlie,Asiatic jackal,Canis aureus,Female,harness compelling schemas
688,Walsh,Wood pigeon,Columba palumbus,Male,redefine leading-edge channels
689,Ashlin,Swamp deer,Cervus duvauceli,Male,benchmark virtual channels
690,Hillary,Sarus crane,Grus antigone,Female,streamline synergistic initiatives
691,Bruno,"Dove, mourning collared",Streptopelia decipiens,Male,integrate extensible schemas
692,Olly,"Hawk, red-tailed",Buteo jamaicensis,Male,incubate bricks-and-clicks markets
693,Aviva,Marine iguana,Amblyrhynchus cristatus,Female,extend wireless content
694,Humberto,Numbat,Myrmecobius fasciatus,Male,incentivize viral functionalities
695,Hephzibah,"Peacock, indian",Pavo cristatus,Female,extend end-to-end functionalities
696,Maiga,"Kudu, greater",Tragelaphus strepsiceros,Female,engage front-end applications
697,Cherin,"Lion, mountain",Felis concolor,Female,engage cross-platform partnerships
698,Bathsheba,Agile wallaby,Macropus agilis,Female,harness granular web services
699,Westbrooke,Helmeted guinea fowl,Numida meleagris,Male,iterate clicks-and-mortar e-tailers
700,Dave,Galapagos penguin,Spheniscus mendiculus,Male,exploit enterprise platforms
701,Ewen,Black-throated butcher bird,Cracticus nigroagularis,Male,grow global architectures
702,Geno,"Starling, superb",Lamprotornis superbus,Male,facilitate collaborative niches
703,Davon,Yellow mongoose,Cynictis penicillata,Male,orchestrate cutting-edge methodologies
704,Dominick,Eastern cottontail rabbit,Sylvilagus floridanus,Male,synergize value-added functionalities
705,Isa,"Deer, roe",Capreolus capreolus,Female,monetize 24/7 mindshare
706,Howard,"Cat, african wild",Felis silvestris lybica,Male,architect transparent e-markets
707,Jamesy,"Cormorant, large",Phalacrocorax carbo,Male,synergize enterprise architectures
708,Jeromy,Squirrel glider,Petaurus norfolcensis,Male,generate user-centric systems
709,Josephine,Malleefowl,Leipoa ocellata,Female,unleash dynamic relationships
710,Glenna,"Jackal, golden",Canis aureus,Female,strategize global deliverables
711,Garrek,Asian openbill,Anastomus oscitans,Male,innovate transparent e-markets
712,Stafani,"Kudu, greater",Tragelaphus strepsiceros,Female,facilitate turn-key e-markets
713,Maddie,"Gnu, brindled",Connochaetus taurinus,Female,expedite ubiquitous e-tailers
714,Jenni,Australian spiny anteater,Tachyglossus aculeatus,Female,expedite world-class interfaces
715,Constantina,Bateleur eagle,Terathopius ecaudatus,Female,recontextualize impactful e-business
716,Gratiana,Least chipmunk,Eutamias minimus,Female,innovate distributed metrics
717,Katherine,Trumpeter swan,Cygnus buccinator,Female,embrace next-generation initiatives
718,Glenine,Ringtail cat,Bassariscus astutus,Female,recontextualize web-enabled systems
719,Alvira,Blue duck,Hymenolaimus malacorhynchus,Female,monetize collaborative supply-chains
720,Pace,Goanna lizard,Varanus sp.,Male,morph impactful models
721,Maegan,Rose-ringed parakeet,Psittacula krameri,Female,evolve rich deliverables
722,Saree,"Shrew, mandras tree",Anathana ellioti,Female,scale global vortals
723,Townie,American crow,Corvus brachyrhynchos,Male,repurpose innovative e-business
724,Ilise,Indian tree pie,Dendrocitta vagabunda,Female,streamline seamless supply-chains
725,Faydra,Cottonmouth,Agkistrodon piscivorus,Female,engineer distributed niches
726,Asa,"Beaver, north american",Castor canadensis,Male,streamline leading-edge content
727,Dagny,"Marmot, yellow-bellied",Marmota flaviventris,Male,expedite bricks-and-clicks vortals
728,Hermine,Red and blue macaw,Ara chloroptera,Female,embrace rich e-tailers
729,Orelia,"Porcupine, indian",Hystrix indica,Female,engineer global models
730,Andrea,Glossy starling (unidentified),Lamprotornis sp.,Male,e-enable distributed metrics
731,Ulric,Potoroo,Potorous tridactylus,Male,transition collaborative e-commerce
732,Archibold,White-fronted capuchin,Cebus albifrons,Male,streamline innovative e-business
733,Stevie,"Dragon, netted rock",Ctenophorus ornatus,Male,incubate sexy partnerships
734,Thelma,"Kangaroo, red",Macropus rufus,Female,enable open-source ROI
735,Erda,Raccoon dog,Nyctereutes procyonoides,Female,reinvent dot-com content
736,Mirna,Eagle owl (unidentified),Bubo sp.,Female,aggregate integrated technologies
737,Dermot,"Dragonfly, russian",Libellula quadrimaculata,Male,deploy leading-edge e-business
738,Aveline,Darwin ground finch (unidentified),Geospiza sp.,Female,generate web-enabled relationships
739,Anne,Puku,Kobus vardonii vardoni,Female,disintermediate dot-com synergies
740,Correy,"Jackrabbit, white-tailed",Lepus townsendii,Male,embrace global niches
741,Christoffer,Crested bunting,Melophus lathami,Male,disintermediate enterprise schemas
742,Laird,Crimson-breasted shrike,Laniaurius atrococcineus,Male,reintermediate intuitive metrics
743,Davidson,Civet cat,Bassariscus astutus,Male,brand back-end technologies
744,Filbert,Roe deer,Capreolus capreolus,Male,synergize proactive infrastructures
745,Hendrika,"Lizard, mexican beaded",Heloderma horridum,Female,engineer virtual portals
746,Layla,Radiated tortoise,Geochelone radiata,Female,redefine 24/365 architectures
747,Toddy,"Shelduck, common",Tadorna tadorna,Male,drive value-added partnerships
748,Maire,"Goose, snow",Anser caerulescens,Female,repurpose 24/7 technologies
749,Talia,Richardson's ground squirrel,Spermophilus richardsonii,Female,incubate next-generation convergence
750,Minny,"Egret, snowy",Egretta thula,Female,incentivize robust communities
751,Dody,White-throated monitor,Varanus albigularis,Female,visualize holistic interfaces
752,Ceil,Australian sea lion,Neophoca cinerea,Female,envisioneer cross-platform e-services
753,Johnny,White-bellied sea eagle,Haliaetus leucogaster,Male,envisioneer innovative applications
754,Florenza,Arctic tern,Sterna paradisaea,Female,matrix revolutionary action-items
755,Golda,Darwin ground finch (unidentified),Geospiza sp.,Female,mesh next-generation eyeballs
756,Burk,"Phalarope, red-necked",Phalaropus lobatus,Male,incubate e-business communities
757,Suzie,Yellow-billed hornbill,Tockus flavirostris,Female,whiteboard turn-key ROI
758,Even,Rufous tree pie,Dendrocitta vagabunda,Male,benchmark virtual bandwidth
759,Pavlov,Crab (unidentified),unavailable,Male,incentivize holistic models
760,August,"Starling, greater blue-eared",Lamprotornis chalybaeus,Male,iterate wireless relationships
761,Cecilius,"Otter, small-clawed",Aonyx cinerea,Male,integrate proactive applications
762,Charline,"Starling, cape",Lamprotornis nitens,Female,scale synergistic methodologies
763,Bev,Asian elephant,Elephas maximus bengalensis,Female,repurpose ubiquitous eyeballs
764,Nerte,"Deer, barasingha",Cervus duvauceli,Female,grow front-end niches
765,Vanna,Common green iguana,Iguana iguana,Female,empower innovative deliverables
766,Paquito,Blue-tongued skink,Tiliqua scincoides,Male,exploit integrated markets
767,Katee,"Snake, eastern indigo",Drymarchon corias couperi,Female,strategize world-class users
768,Arny,Grey phalarope,Phalaropus fulicarius,Male,synthesize open-source portals
769,Bear,"Hen, sage",Centrocercus urophasianus,Male,redefine rich channels
770,Larisa,"Mouse, four-striped grass",Rhabdomys pumilio,Female,aggregate virtual architectures
771,Sophia,"Shelduck, common",Tadorna tadorna,Female,empower innovative portals
772,Eal,"Langur, common",Semnopithecus entellus,Male,brand interactive communities
773,Adiana,"Gecko, ring-tailed",Cyrtodactylus louisiadensis,Female,maximize magnetic relationships
774,Costanza,Cape cobra,Naja nivea,Female,embrace best-of-breed supply-chains
775,Agatha,Eastern cottontail rabbit,Sylvilagus floridanus,Female,benchmark front-end paradigms
776,Hermann,"Squirrel, red",Tamiasciurus hudsonicus,Male,architect revolutionary networks
777,Donall,"Capuchin, black-capped",Cebus apella,Male,extend dot-com networks
778,Nannie,Cougar,Felis concolor,Female,visualize innovative solutions
779,Stanley,Spectacled caiman,Caiman crocodilus,Male,syndicate plug-and-play e-commerce
780,Saleem,"Antechinus, brown",Antechinus flavipes,Male,streamline holistic portals
781,Alejoa,Mexican beaded lizard,Heloderma horridum,Male,generate robust bandwidth
782,Audie,"Owl, madagascar hawk",Ninox superciliaris,Female,deploy cross-media paradigms
783,Adora,Nilgai,Boselaphus tragocamelus,Female,mesh B2B schemas
784,Whitney,"Caiman, spectacled",Caiman crocodilus,Female,disintermediate B2C content
785,Allegra,Andean goose,Chloephaga melanoptera,Female,unleash e-business portals
786,Webb,"Cockatoo, long-billed",Cacatua tenuirostris,Male,implement ubiquitous users
787,Marcie,"Robin, kalahari scrub",Certotrichas paena,Female,iterate strategic e-services
788,Cordelia,"Nighthawk, common",Chordeiles minor,Female,leverage bleeding-edge users
789,Ernest,Sockeye salmon,Oncorhynchus nerka,Male,whiteboard integrated metrics
790,Mead,Nyala,Tragelaphus angasi,Male,iterate intuitive solutions
791,Zed,"Tinamou, elegant crested",Eudromia elegans,Male,architect out-of-the-box portals
792,Wheeler,"Elephant, asian",Elephas maximus bengalensis,Male,enhance revolutionary interfaces
793,Fanchon,Southern sea lion,Otaria flavescens,Female,exploit web-enabled portals
794,Ciel,"Racer, blue",Coluber constrictor foxii,Female,enable open-source technologies
795,Shurlocke,"Cormorant, javanese",Phalacrocorax niger,Male,seize killer synergies
796,May,Violet-crested turaco,Tauraco porphyrelophus,Female,streamline global mindshare
797,Garvy,Cattle egret,Bubulcus ibis,Male,reintermediate back-end architectures
798,Lanita,"Wolf, mexican",Canis lupus baileyi,Female,morph granular models
799,Baillie,Sea birds (unidentified),unavailable,Male,incubate value-added niches
800,Joycelin,"Bustard, stanley",Neotis denhami,Female,expedite impactful eyeballs
801,Noami,"Marshbird, brown and yellow",Pseudoleistes virescens,Female,innovate rich vortals
802,Carmelia,Desert spiny lizard,Sceloporus magister,Female,architect world-class relationships
803,Edy,Short-nosed bandicoot,Isoodon obesulus,Female,syndicate world-class markets
804,Torie,Brown pelican,Pelecanus occidentalis,Female,synthesize integrated users
805,Libbey,"Rabbit, eastern cottontail",Sylvilagus floridanus,Female,empower bricks-and-clicks schemas
806,Mace,Asian lion,Panthera leo persica,Male,productize rich relationships
807,Prue,Common palm civet,Paradoxurus hermaphroditus,Female,unleash plug-and-play systems
808,Angelo,"Lemur, sportive",Lepilemur rufescens,Male,exploit web-enabled partnerships
809,Harmon,"Monitor, two-banded",Varanus salvator,Male,extend enterprise systems
810,Maddy,Urial,Ovis orientalis,Female,enable killer synergies
811,Joy,"Cat, civet",Bassariscus astutus,Female,iterate frictionless deliverables
812,Gris,Pied avocet,Recurvirostra avosetta,Male,whiteboard cross-media architectures
813,Julietta,Brazilian otter,Pteronura brasiliensis,Female,grow real-time e-markets
814,Karl,Short-beaked echidna,Tachyglossus aculeatus,Male,unleash out-of-the-box models
815,Amity,"Squirrel, european red",Sciurus vulgaris,Female,generate best-of-breed infomediaries
816,Maude,Turtle (unidentified),unavailable,Female,empower one-to-one eyeballs
817,Luigi,Cape starling,Lamprotornis nitens,Male,leverage impactful communities
818,Heath,"Dog, african wild",Lycaon pictus,Female,orchestrate holistic experiences
819,Stormi,Blue catfish,Ictalurus furcatus,Female,maximize B2C methodologies
820,Ainslie,"Mongoose, javan gold-spotted",Herpestes javanicus,Female,architect visionary e-tailers
821,Tobey,"Racer, american",Coluber constrictor,Female,scale best-of-breed portals
822,Elvera,"Porcupine, african",Hystrix cristata,Female,cultivate 24/7 eyeballs
823,Lucien,"Jacana, african",Actophilornis africanus,Male,expedite cross-platform markets
824,Leonardo,Defassa waterbuck,Kobus defassa,Male,syndicate rich channels
825,Cory,Roseate cockatoo,Eolophus roseicapillus,Female,enable dot-com applications
826,Dominga,"Vulture, black",Aegypius tracheliotus,Female,revolutionize bricks-and-clicks infomediaries
827,Whitaker,Pig-tailed macaque,Macaca nemestrina,Male,integrate plug-and-play eyeballs
828,Amabelle,Common goldeneye,Bucephala clangula,Female,evolve granular ROI
829,Erasmus,Southern sea lion,Otaria flavescens,Male,brand transparent web-readiness
830,Nealy,Common langur,Semnopithecus entellus,Male,synthesize extensible schemas
831,Griz,Currasow (unidentified),Crax sp.,Male,empower extensible niches
832,Fletch,Great cormorant,Phalacrocorax carbo,Male,extend next-generation technologies
833,Yasmeen,Feral rock pigeon,Columba livia,Female,e-enable end-to-end networks
834,Katha,"Grenadier, common",Uraeginthus granatina,Female,seize front-end markets
835,Denney,"Vulture, bengal",Gyps bengalensis,Male,deliver front-end solutions
836,Arron,"Squirrel, red",Tamiasciurus hudsonicus,Male,e-enable dynamic e-services
837,Eli,Black-backed magpie,Gymnorhina tibicen,Male,synthesize B2C web services
838,Jenna,"Robin, kalahari scrub",Certotrichas paena,Female,reinvent wireless deliverables
839,Evita,"Cormorant, great",Phalacrocorax carbo,Female,streamline cutting-edge systems
840,Wain,"Baboon, yellow",Papio cynocephalus,Male,monetize visionary niches
841,Geneva,Bush dog,Speothos vanaticus,Female,syndicate best-of-breed channels
842,Kaye,"Francolin, swainson's",Francolinus swainsonii,Female,synthesize holistic e-markets
843,Addison,Savanna fox,Dusicyon thous,Male,embrace user-centric systems
844,Hamish,Monitor lizard (unidentified),Varanus sp.,Male,synergize user-centric e-commerce
845,Gallagher,"Stork, woolly-necked",Ciconia episcopus,Male,recontextualize vertical channels
846,Culver,Red howler monkey,Alouatta seniculus,Male,visualize strategic channels
847,Denys,African porcupine,Hystrix cristata,Male,evolve back-end partnerships
848,Somerset,"Wallaby, river",Macropus agilis,Male,architect vertical e-markets
849,Luciano,Blue crane,Anthropoides paradisea,Male,recontextualize value-added action-items
850,Mayor,"Viper, egyptian",Naja haje,Male,incubate B2C vortals
851,Amelie,"Francolin, coqui",Francolinus coqui,Female,envisioneer B2C e-services
852,Winfield,Barasingha deer,Cervus duvauceli,Male,streamline 24/7 schemas
853,Gilburt,Desert kangaroo rat,Dipodomys deserti,Male,visualize next-generation interfaces
854,Brigid,Black-fronted bulbul,Pycnonotus nigricans,Female,incentivize robust e-services
855,Bertrand,White-winged black tern,Chlidonias leucopterus,Male,drive bricks-and-clicks relationships
856,Ab,Black-backed jackal,Canis mesomelas,Male,evolve integrated methodologies
857,Ari,Blacksmith plover,Vanellus armatus,Male,seize impactful markets
858,Marla,"Marten, american",Martes americana,Female,transition mission-critical infrastructures
859,Evelina,"Owl, australian masked",Tyto novaehollandiae,Female,reinvent dynamic applications
860,Gunner,Swallow-tail gull,Creagrus furcatus,Male,engineer proactive platforms
861,Anton,Russian dragonfly,Libellula quadrimaculata,Male,utilize 24/365 partnerships
862,Ricky,"Booby, blue-footed",Sula nebouxii,Male,engineer robust e-commerce
863,Stephan,"Barbet, levaillant's",Trachyphonus vaillantii,Male,leverage proactive functionalities
864,Brena,"Bat, madagascar fruit",Pteropus rufus,Female,incentivize seamless experiences
865,Demetrius,Greater flamingo,Phoenicopterus ruber,Male,empower virtual functionalities
866,Janelle,"Ibis, sacred",Threskionis aethiopicus,Female,synthesize plug-and-play e-tailers
867,Timoteo,Kelp gull,Larus dominicanus,Male,synthesize leading-edge schemas
868,Johnna,"Waterbuck, common",Kobus defassa,Female,unleash strategic solutions
869,Katti,Long-tailed skua,Stercorarius longicausus,Female,incentivize sexy vortals
870,Merrie,"Wallaroo, common",Macropus robustus,Female,benchmark virtual functionalities
871,Rorke,Weeper capuchin,Cebus nigrivittatus,Male,engineer integrated technologies
872,Ciel,"Duiker, gray",Sylvicapra grimma,Female,reintermediate vertical web-readiness
873,Teodora,Common shelduck,Tadorna tadorna,Female,incubate next-generation supply-chains
874,Pauly,Stick insect,Leprocaulinus vipera,Female,engineer value-added methodologies
875,Maia,"Egret, snowy",Egretta thula,Female,deploy scalable supply-chains
876,Gill,African wild cat,Felis silvestris lybica,Male,leverage intuitive communities
877,Tom,"Buffalo, asian water",Bubalus arnee,Male,leverage interactive niches
878,Morena,Monitor lizard (unidentified),Varanus sp.,Female,grow holistic markets
879,Corny,American beaver,Castor canadensis,Male,mesh synergistic experiences
880,Nat,Caracal,Felis caracal,Female,aggregate open-source experiences
881,Jessey,"Goose, canada",Branta canadensis,Male,synthesize integrated ROI
882,Leonelle,Red-legged pademelon,Thylogale stigmatica,Female,harness rich portals
883,Carmelle,"Vulture, king",Sarcorhamphus papa,Female,orchestrate mission-critical e-services
884,Gisela,Red-knobbed coot,Fulica cristata,Female,enable holistic synergies
885,Archibaldo,Dusky rattlesnake,Crotalus triseriatus,Male,reinvent enterprise systems
886,Northrop,Indian red admiral,Vanessa indica,Male,matrix efficient channels
887,Mei,"Weaver, red-billed buffalo",Bubalornis niger,Female,reintermediate visionary web-readiness
888,Nate,White-necked raven,Corvus albicollis,Male,incubate impactful supply-chains
889,Teodorico,White-tailed deer,Odocoilenaus virginianus,Male,incubate ubiquitous e-services
890,Sybil,Striped hyena,Hyaena hyaena,Female,deliver compelling applications
891,Jamey,Mule deer,Odocoileus hemionus,Male,recontextualize value-added markets
892,Rafaellle,European badger,Meles meles,Male,synergize virtual methodologies
893,Fremont,Miner's cat,Bassariscus astutus,Male,monetize 24/365 architectures
894,Ceil,"Dragonfly, russian",Libellula quadrimaculata,Female,e-enable transparent partnerships
895,Daisey,"Corella, long-billed",Cacatua tenuirostris,Female,innovate proactive e-markets
896,Anthony,Slender loris,Loris tardigratus,Male,expedite clicks-and-mortar metrics
897,Vanda,"Lynx, african",Felis caracal,Female,implement strategic synergies
898,Boy,Javanese cormorant,Phalacrocorax niger,Male,orchestrate dynamic deliverables
899,Lowrance,Common rhea,Rhea americana,Male,repurpose integrated methodologies
900,Darnall,Common green iguana,Iguana iguana,Male,incentivize dynamic infomediaries
901,Stanford,Egyptian vulture,Neophron percnopterus,Male,aggregate strategic action-items
902,Ferne,"Plover, three-banded",Charadrius tricollaris,Female,engineer customized web services
903,Ashli,Pampa gray fox,Pseudalopex gymnocercus,Female,leverage viral methodologies
904,Lynnett,Nubian bee-eater,Merops nubicus,Female,brand robust solutions
905,Janina,Pied cormorant,Phalacrocorax varius,Female,innovate transparent functionalities
906,Patience,"Heron, gray",Ardea cinerea,Female,redefine end-to-end technologies
907,Irwin,Greater blue-eared starling,Lamprotornis chalybaeus,Male,disintermediate world-class channels
908,Joni,"Iguana, marine",Amblyrhynchus cristatus,Female,disintermediate innovative models
909,Othello,Malay squirrel (unidentified),unavailable,Male,transform user-centric interfaces
910,Isac,"Crake, african black",Limnocorax flavirostra,Male,iterate virtual eyeballs
911,Valentine,Greater roadrunner,Geococcyx californianus,Male,brand cutting-edge supply-chains
912,Gaye,Long-tailed skua,Stercorarius longicausus,Female,optimize best-of-breed technologies
913,Celesta,"Rat, arboral spiny",Echimys chrysurus,Female,reinvent viral portals
914,Dorry,"Kite, black",Milvus migrans,Female,seize rich metrics
915,Doralia,"Bat, asian false vampire",Megaderma spasma,Female,streamline seamless e-commerce
916,Orbadiah,"Dog, african wild",Lycaon pictus,Male,deliver sexy experiences
917,Flossi,Yellow-crowned night heron,Nyctanassa violacea,Female,drive proactive portals
918,Thedrick,Jaguarundi,Felis yagouaroundi,Male,incentivize leading-edge partnerships
919,Guenevere,"Cormorant, pied",Phalacrocorax varius,Female,exploit innovative markets
920,Errol,Turtle (unidentified),unavailable,Male,reinvent 24/365 web services
921,Winnifred,"Boubou, southern",Laniarius ferrugineus,Female,engineer holistic e-tailers
922,Bastien,Giant armadillo,Priodontes maximus,Male,expedite 24/365 markets
923,Helsa,"Wombat, common",Vombatus ursinus,Female,seize interactive users
924,Crawford,"Leopard, indian",Panthera pardus,Male,harness efficient networks
925,Jade,Mountain goat,Oreamnos americanus,Female,facilitate integrated markets
926,Blondy,"Hyena, striped",Hyaena hyaena,Female,synthesize enterprise applications
927,Amalie,"Shrew, mandras tree",Anathana ellioti,Female,expedite B2C bandwidth
928,Chryste,Aardwolf,Proteles cristatus,Female,optimize clicks-and-mortar architectures
929,Darrick,Red deer,Cervus elaphus,Male,transition innovative deliverables
930,Bernhard,"Dove, emerald-spotted wood",Turtur chalcospilos,Male,empower cross-media platforms
931,Norry,Lesser flamingo,Phoeniconaias minor,Male,exploit strategic portals
932,Daron,Nyala,Tragelaphus angasi,Female,synergize dot-com e-commerce
933,Dinny,Madagascar hawk owl,Ninox superciliaris,Female,morph sticky systems
934,Eadith,"Heron, giant",Ardea golieth,Female,enhance one-to-one vortals
935,Stephen,Australian sea lion,Neophoca cinerea,Male,deliver B2B technologies
936,Webb,"Fox, arctic",Alopex lagopus,Male,incubate one-to-one platforms
937,Christopher,"Rattlesnake, horned",Crotalus cerastes,Male,enhance wireless markets
938,Eddi,Little brown dove,Streptopelia senegalensis,Female,deliver efficient e-business
939,Rocky,King vulture,Sarcorhamphus papa,Male,target impactful initiatives
940,Hayes,Yellow mongoose,Cynictis penicillata,Male,reintermediate holistic systems
941,Danyette,Striated heron,Butorides striatus,Female,disintermediate scalable paradigms
942,Tybalt,Gaur,Bos frontalis,Male,implement best-of-breed action-items
943,Bonni,"Wallaby, dama",Macropus eugenii,Female,deliver sticky functionalities
944,Cirilo,Squirrel glider,Petaurus norfolcensis,Male,productize ubiquitous e-markets
945,Reggis,"Cat, kaffir",Felis silvestris lybica,Male,brand back-end e-markets
946,Rosalie,"Baboon, olive",Papio cynocephalus,Female,optimize sexy e-commerce
947,Emmott,Frilled dragon,Chlamydosaurus kingii,Male,generate frictionless infomediaries
948,Hussein,"Jackal, golden",Canis aureus,Male,aggregate vertical convergence
949,Caril,Brown hyena,Hyaena brunnea,Female,leverage proactive deliverables
950,Nerti,"Beaver, european",Castor fiber,Female,scale turn-key experiences
951,Cathee,Grey-footed squirrel,Paraxerus cepapi,Female,innovate bricks-and-clicks markets
952,Philly,Oriental short-clawed otter,Aonyx cinerea,Female,iterate integrated e-markets
953,Dominick,Common raccoon,Procyon lotor,Male,e-enable holistic infomediaries
954,Hurleigh,Common seal,Phoca vitulina,Male,seize e-business paradigms
955,Earlie,Steller's sea lion,Eumetopias jubatus,Male,grow strategic convergence
956,Earle,Northern phalarope,Phalaropus lobatus,Male,reintermediate front-end users
957,Valli,Large-eared bushbaby,Galago crassicaudataus,Female,synergize sexy e-business
958,Marabel,Urial,Ovis orientalis,Female,brand turn-key platforms
959,Ludwig,Guanaco,Lama guanicoe,Male,mesh bricks-and-clicks models
960,Eolande,Lily trotter,Actophilornis africanus,Female,synthesize proactive e-markets
961,Alain,"Vulture, white-headed",Aegypius occipitalis,Male,benchmark robust applications
962,Tristam,"Screamer, crested",Chauna torquata,Male,transition frictionless deliverables
963,Ty,"Lion, asian",Panthera leo persica,Male,repurpose mission-critical methodologies
964,Hansiain,Australian sea lion,Neophoca cinerea,Male,leverage viral systems
965,Glori,"Woodpecker, downy",Picoides pubescens,Female,recontextualize turn-key mindshare
966,Durand,"Squirrel, grey-footed",Paraxerus cepapi,Male,scale intuitive technologies
967,Way,"Dragon, frilled",Chlamydosaurus kingii,Male,reinvent holistic convergence
968,Maddie,"Macaque, bonnet",Macaca radiata,Male,maximize e-business initiatives
969,Meier,"Skunk, striped",Mephitis mephitis,Male,generate mission-critical web services
970,Eda,Red-cheeked cordon bleu,Uraeginthus bengalus,Female,matrix integrated experiences
971,Mersey,Red deer,Cervus elaphus,Female,innovate value-added technologies
972,Val,Huron,Galictis vittata,Female,scale robust paradigms
973,Zacharias,"Snake, western patch-nosed",Salvadora hexalepis,Male,reintermediate dot-com eyeballs
974,Arley,Denham's bustard,Neotis denhami,Male,whiteboard rich systems
975,Sid,"Ferret, black-footed",Mustela nigripes,Male,facilitate strategic eyeballs
976,Laraine,"Squirrel, arctic ground",Spermophilus parryii,Female,benchmark B2B deliverables
977,Therese,Pale-throated three-toed sloth,Bradypus tridactylus,Female,mesh robust e-services
978,Judas,King cormorant,Phalacrocorax albiventer,Male,enhance robust paradigms
979,Teirtza,"Fox, arctic",Alopex lagopus,Female,implement killer architectures
980,Wolfie,"Capuchin, black-capped",Cebus apella,Male,implement mission-critical technologies
981,Felita,"Deer, mule",Odocoileus hemionus,Female,productize real-time solutions
982,Samuel,Butterfly (unidentified),unavailable,Male,visualize magnetic content
983,Donn,Rhesus macaque,Macaca mulatta,Male,redefine killer relationships
984,Kimberley,"Sheep, red",Ovis ammon,Female,revolutionize dot-com convergence
985,Boigie,Toddy cat,Paradoxurus hermaphroditus,Male,orchestrate B2B e-services
986,Edee,"Hedgehog, south african",Erinaceus frontalis,Female,incubate revolutionary networks
987,Aida,Small-toothed palm civet,Arctogalidia trivirgata,Female,innovate leading-edge vortals
988,Kristofer,"Squirrel, golden-mantled ground",Spermophilus lateralis,Male,syndicate visionary relationships
989,Rutter,"Fowl, helmeted guinea",Numida meleagris,Male,empower revolutionary interfaces
990,Coleman,Mocking cliffchat,Thamnolaea cinnmomeiventris,Male,extend sticky initiatives
991,Hillary,Burrowing owl,Speotyte cuniculata,Male,aggregate global eyeballs
992,Waverley,Openbill stork,Anastomus oscitans,Male,drive real-time e-business
993,Jacinda,Osprey,Pandon haliaetus,Female,disintermediate cutting-edge infomediaries
994,Keen,Gila monster,Heloderma horridum,Male,harness dot-com web-readiness
995,Artair,Blue peacock,Pavo cristatus,Male,integrate proactive e-markets
996,Torie,Klipspringer,Oreotragus oreotragus,Female,redefine collaborative users
997,Bevon,Puna ibis,Plegadis ridgwayi,Male,recontextualize transparent e-business
998,Jana,Pied avocet,Recurvirostra avosetta,Female,visualize revolutionary users
999,Giacomo,Common wombat,Vombatus ursinus,Male,facilitate end-to-end portals
1000,Rae,Dusky rattlesnake,Crotalus triseriatus,Female,transform visionary ROI
